idx,county,year,type,vmt sum,days,vmt min,vmt max,vmt sumsqr,vmt mean
0,ALAMEDA,2007,detector based,10520221822.06,365,11898823.38,43468836.2,313994568815128060,28822525.53989041
1,ALAMEDA,2007,hpms based,60221238263.11008,365,90815066.08426982,220577959.17955813,10146582313866854000,164989693.87153447
2,ALAMEDA,2008,detector based,11894454823.179998,366,18971339.12,42684544.44,392968561149361340,32498510.44584699
3,ALAMEDA,2008,hpms based,65506813053.037315,366,121866676.0801768,545950375.1842476,12117726448404943000,178980363.53288883
4,ALAMEDA,2009,detector based,9200785020.54,365,7845695.27,30324927.409999996,234178188507205340,25207630.193260275
5,ALAMEDA,2009,hpms based,61600077837.12404,365,79881904.02872734,215201254.2153369,10511910650859911000,168767336.54006585
6,ALPINE,2007,detector based,0,365,0,0,0,0
7,ALPINE,2007,hpms based,66398227.70833335,365,116899.59954756247,252801.1860445348,12292710868863.32,181912.95262557082
8,ALPINE,2008,detector based,0,366,0,0,0,0
9,ALPINE,2008,hpms based,73188007.08333337,366,133248.84393123805,297692.2348123436,14908759261439.898,199967.23246812398
10,ALPINE,2009,detector based,0,364,0,0,0,0
11,ALPINE,2009,hpms based,69372435.66666666,364,91827.17490949182,292463.6861444772,13597396465273.107,190583.61446886443
12,AMADOR,2007,detector based,0,365,0,0,0,0
13,AMADOR,2007,hpms based,474086349.37499946,365,813670.9337438624,1817038.8124164066,632134276068018.8,1298866.7106164368
14,AMADOR,2008,detector based,0,366,0,0,0,0
15,AMADOR,2008,hpms based,545273159.2083334,366,957155.3145452696,1945767.8877708828,822679849449027,1489817.3748861568
16,AMADOR,2009,detector based,0,365,0,0,0,0
17,AMADOR,2009,hpms based,483137785.6249998,365,238036.76443743627,2112849.9400216723,668098214555280.2,1323665.1660958899
18,BUTTE,2007,detector based,48801562286.64,365,59957280,159449040,6706081985996237000,133702910.37435617
19,BUTTE,2007,hpms based,8249888390.791668,365,14781633.138880271,27461519.02125997,188320115731879840,22602433.947374433
20,BUTTE,2008,detector based,47164545793.68001,366,59581440,160200720,6252332986829165000,128864879.21770494
21,BUTTE,2008,hpms based,8382718934.498755,366,14798735.907179452,28155676.263463296,194020821229608060,22903603.64617146
22,BUTTE,2009,detector based,19367114145.12,365,0,155673360,2563758534020441000,53060586.6989589
23,BUTTE,2009,hpms based,5904827675.595681,365,8716727.367350476,29310817.019078664,108796800002138620,16177610.070125153
24,CALAVERAS,2007,detector based,0,365,0,0,0,0
25,CALAVERAS,2007,hpms based,583882239.1666666,365,1033984.8048270425,2101678.2945245914,944661360966356.9,1599677.3675799086
26,CALAVERAS,2008,detector based,0,366,0,0,0,0
27,CALAVERAS,2008,hpms based,694003383.3333331,366,1485699.2258404407,3073682.481480327,1348012590433607,1896184.1074681233
28,CALAVERAS,2009,detector based,0,365,0,0,0,0
29,CALAVERAS,2009,hpms based,593862031.2916669,365,295395.79427454097,2633484.489875097,999162162694990.9,1627019.263812786
30,COLUSA,2007,detector based,0,365,0,0,0,0
31,COLUSA,2007,hpms based,805437720.25,365,1436383.0024702435,2896334.1611109306,1804138778802149,2206678.6856164383
32,COLUSA,2008,detector based,0,366,0,0,0,0
33,COLUSA,2008,hpms based,909073802.208333,366,1645353.3888904408,3101191.351244443,2275003388291795.5,2483808.2027550084
34,COLUSA,2009,detector based,0,365,0,0,0,0
35,COLUSA,2009,hpms based,783293531.2500001,365,353603.10818024236,3273774.7479883814,1754775008198667,2146009.6746575343
36,CONTRA COSTA,2007,detector based,3295873358.5199995,365,2375444.1999999997,12327398.370000001,30703740770764430,9029790.023342464
37,CONTRA COSTA,2007,hpms based,31020659607.511345,365,25901368.506527413,110966650.9509606,2714260522605800000,84988108.5137297
38,CONTRA COSTA,2008,detector based,3978351046.6299996,366,6679984.92,15523441.110000001,44346303514172830,10869811.602814207
39,CONTRA COSTA,2008,hpms based,31610347837.97129,366,51269655.35860876,120913330.21974155,2806722636935401000,86367070.59554997
40,CONTRA COSTA,2009,detector based,3731426676.62,365,2201587.12,11981839.680000002,38580796348271800,10223086.785260273
41,CONTRA COSTA,2009,hpms based,30842203108.25908,365,29417259.75581139,106844090.91827196,2633187597501380600,84499186.59797008
42,DEL NORTE,2007,detector based,0,365,0,0,0,0
43,DEL NORTE,2007,hpms based,775069311.6666679,365,1500294.546236073,4325696.371448244,1667085278715273.2,2123477.566210049
44,DEL NORTE,2008,detector based,0,366,0,0,0,0
45,DEL NORTE,2008,hpms based,849425887.4999979,366,1633725.7305878622,4674752.3143583555,1995185461825027,2320835.7581967153
46,DEL NORTE,2009,detector based,0,364,0,0,0,0
47,DEL NORTE,2009,hpms based,931051762.9999996,364,1735881.9324828458,3196142.754073184,2402769817420204,2557834.513736263
48,EL DORADO,2007,detector based,1256570163.09,365,350696.89,8036077.72,6226192339904125,3442657.981068493
49,EL DORADO,2007,hpms based,4931358556.083333,365,6386607.562964467,20662358.796348978,72030483700503030,13510571.38652968
50,EL DORADO,2008,detector based,582019017.11,366,352823.8900000001,6181661.750000001,2286510962366216.5,1590215.8937431695
51,EL DORADO,2008,hpms based,4073159519.606281,366,7409229.451326054,17019539.791774955,46811334755017280,11128851.146465247
52,EL DORADO,2009,detector based,2178991499.6900005,365,1238443.1400000001,8162324.19,13217372362600070,5969839.725178083
53,EL DORADO,2009,hpms based,4334328413.317731,365,2801684.8337347875,16510008.882352784,52439168868042350,11874872.365254058
54,FRESNO,2007,detector based,38765437140.63,365,67788123.76,138737362.03,4210358609385986000,106206677.09761643
55,FRESNO,2007,hpms based,28941859759.695015,365,52183844.946837455,110378812.19422638,2336180243882016300,79292766.46491785
56,FRESNO,2008,detector based,57034079157.68,366,100278500.29000002,193734617.79999998,9050445289668277000,155830817.37071037
57,FRESNO,2008,hpms based,34308190750.974586,366,62690416.2581918,116177262.99200167,3270351156891134500,93738226.09555899
58,FRESNO,2009,detector based,18190616175.999996,365,5516270.4399999995,178981194.43,1403933902372849700,49837304.59178081
59,FRESNO,2009,hpms based,28562183092.258373,365,26082880.710148275,172940215.3093461,2465610878286459000,78252556.41714622
60,GLENN,2007,detector based,14417332599.119999,365,26766720,67656960,587791618868553000,39499541.367452055
61,GLENN,2007,hpms based,769493645.1666671,365,1512950.5730101375,3231089.0692844572,1648764566428087,2108201.76757991
62,GLENN,2008,detector based,13411841047.28,366,24135840,66539520,504186391050472060,36644374.44612022
63,GLENN,2008,hpms based,787556742.9999994,366,1580566.5699958606,3413438.6636493388,1717467770087949.2,2151794.379781419
64,GLENN,2009,detector based,5090777573.76,365,0,58543200,176489712881224500,13947335.818520548
65,GLENN,2009,hpms based,496895527.7655969,365,152751.47602670014,3511117.3552691555,901830689240694.5,1361357.6103167038
66,HUMBOLDT,2007,detector based,13373713891.86,365,20794320,49576509.1,500251919493750000,36640312.03249315
67,HUMBOLDT,2007,hpms based,4863057611.944723,365,9214152.886240726,24569874.8872181,65611787884033064,13323445.512177324
68,HUMBOLDT,2008,detector based,12107417305.300001,366,17781120,46533787.73,408625470134278300,33080375.151092898
69,HUMBOLDT,2008,hpms based,5082950538.180965,366,9868975.932968965,25704946.990121655,71413517238315560,13887843.000494441
70,HUMBOLDT,2009,detector based,4869661984.5199995,364,0,40953399.73,161470284778739520,13378192.265164834
71,HUMBOLDT,2009,hpms based,4599791137.550657,364,8032098.944868895,17388499.4203449,59309396739296590,12636788.839424882
72,IMPERIAL,2007,detector based,15978306780.71,365,10308662.370000001,71951603.78999999,716482962037768800,43776182.960849315
73,IMPERIAL,2007,hpms based,3743776438.662797,365,7479254.893741988,27316346.18461918,41083138651978430,10256921.749761088
74,IMPERIAL,2008,detector based,15649659761.8,366,32434020,70792380,683787203688165400,42758633.22896174
75,IMPERIAL,2008,hpms based,3887418722.4821053,366,8277991.516924651,19042722.09121138,42034380493175800,10621362.629732529
76,IMPERIAL,2009,detector based,5793375816.23,365,0,59097600,244245955609229060,15872262.510219177
77,IMPERIAL,2009,hpms based,1574148901.850275,365,154991.76084512146,16564291.603248527,15758061938641566,4312736.717398014
78,INYO,2007,detector based,0,365,0,0,0,0
79,INYO,2007,hpms based,525326499.37499976,365,924243.697784185,2059172.182911911,768260789483567.8,1439250.6832191774
80,INYO,2008,detector based,0,366,0,0,0,0
81,INYO,2008,hpms based,596364602.125,366,1099126.7614515992,2185770.6601286307,987236245185120,1629411.481215847
82,INYO,2009,detector based,0,365,0,0,0,0
83,INYO,2009,hpms based,522655447.12499994,365,241055.9660408274,3157893.5115751387,833720399463882,1431932.7318493149
84,KERN,2007,detector based,23407634774.4,365,0,177184800,1670499484298338000,64130506.23123288
85,KERN,2007,hpms based,31695896470.405556,365,39145423.16114975,210316645.3079652,2940705178402238500,86838072.52165906
86,KERN,2008,detector based,75960489070.90001,366,103095000,350505000,16109081151952953000,207542319.86584702
87,KERN,2008,hpms based,34010631881.583347,366,61689891.54277514,130549891.4010601,3190244773846010400,92925223.72017308
88,KERN,2009,detector based,23836530329.460007,365,532445.47,265945680,4294225203271060000,65305562.54646577
89,KERN,2009,hpms based,30812868537.66783,365,18412322.602161672,320059361.2971945,6606557922093442000,84418817.91141872
90,KINGS,2007,detector based,0,365,0,0,0,0
91,KINGS,2007,hpms based,5062086174.958332,365,9022890.889231458,19424136.684579104,71538710257128584,13868729.246461183
92,KINGS,2008,detector based,0,366,0,0,0,0
93,KINGS,2008,hpms based,5154186809.291668,366,9294895.155526675,18420416.30057203,73887935320338020,14082477.621015485
94,KINGS,2009,detector based,0,365,0,0,0,0
95,KINGS,2009,hpms based,4845856209.541668,365,2375108.0157561805,29214600.131849594,70836119240732000,13276318.382305939
96,LAKE,2007,detector based,0,365,0,0,0,0
97,LAKE,2007,hpms based,960305373.5833337,365,1686128.0016326446,5464472.5970770605,2560949042759180,2630973.6262557087
98,LAKE,2008,detector based,0,366,0,0,0,0
99,LAKE,2008,hpms based,1321780384.958335,366,2613746.807366682,7328335.650065552,4830509858529988,3611421.8168260516
100,LAKE,2009,detector based,0,365,0,0,0,0
101,LAKE,2009,hpms based,1139726745.6666663,365,481380.78628413996,3935036.5705670603,3597735276253515.5,3122539.0292237434
102,LASSEN,2007,detector based,1009079795.6400001,365,1414607.47,4515147.76,2882415990597836.5,2764602.1798356166
103,LASSEN,2007,hpms based,806631709.1666669,365,1389317.4190913977,3006898.857284971,1814827409541441,2209949.8881278546
104,LASSEN,2008,detector based,921580462.9600002,366,711268.4299999999,3992099.5599999996,2413623243521657,2517979.406994536
105,LASSEN,2008,hpms based,841622936.7499976,366,1284474.7055251284,3184884.5554345907,1976826145422451,2299516.2206284087
106,LASSEN,2009,detector based,355036686.41999996,365,0,4327851.22,866123840340689.4,972703.2504657533
107,LASSEN,2009,hpms based,745523851.0833348,365,1211609.0930668355,3758717.675857118,1565742577250665,2042531.0988584515
108,LOS ANGELES,2007,detector based,38430771719.75,365,76799555.2,743419933.5099999,4522907331108812300,105289785.53356165
109,LOS ANGELES,2007,hpms based,331696462016.08844,365,713203625.6068934,6593392781.218823,337296284043208000000,908757430.1810642
110,LOS ANGELES,2008,detector based,41999353224.22,366,74446274.97999999,145798536.6,4889740872190649000,114752331.21371585
111,LOS ANGELES,2008,hpms based,324640403647.15704,366,719823385.9615132,1065488340.5676202,289626925968020770000,886995638.3802105
112,LOS ANGELES,2009,detector based,33919789575.489998,365,40900867.370000005,112780554.42000002,3173672048784973300,92930930.34380822
113,LOS ANGELES,2009,hpms based,326382758253.4883,365,414409033.30081075,1220207948.1947997,293583535324902720000,894199337.6807898
114,MADERA,2007,detector based,8024113766.259999,365,13996087.959999999,28682609.580000006,180315659329925200,21983873.332219176
115,MADERA,2007,hpms based,3616445006.958336,365,6900013.788780197,13801322.483288744,36309350871165520,9908068.51221462
116,MADERA,2008,detector based,11867485297.439999,366,20814916.32,40021511.5,391665785662565500,32424823.217049178
117,MADERA,2008,hpms based,4026096820.124997,366,7645123.006287249,14300881.907590289,44827784464121040,11000264.535860648
118,MADERA,2009,detector based,6364319150.94,365,997144.7300000002,37250138.22,134844467714833440,17436490.82449315
119,MADERA,2009,hpms based,3432013685.2933254,365,3414049.8398035076,15757333.852033671,33210021310553864,9402777.219981713
120,MARIN,2007,detector based,1039906656.1899999,365,1430262.7300000002,4240824.74,3038156708406340.5,2849059.332027397
121,MARIN,2007,hpms based,10324606739.164055,365,9030322.656253373,44996252.03333374,304675349342007200,28286593.805928916
122,MARIN,2008,detector based,1741225271.18,366,1182516.87,6354052.870000002,8561306698797284,4757446.096120219
123,MARIN,2008,hpms based,11588961898.548193,366,6731472.091745617,46130885.80934958,397951293519760700,31663830.323902167
124,MARIN,2009,detector based,1891637917.16,365,234203.16,6048877.36,9923952911408590,5182569.636054794
125,MARIN,2009,hpms based,11275133507.81471,365,13272422.411009055,36266330.83194072,351166880454973760,30890776.733738933
126,MARIPOSA,2007,detector based,0,365,0,0,0,0
127,MARIPOSA,2007,hpms based,209062366.7083334,365,374035.02844271733,747622.5784346807,120702072374582.25,572773.6074200915
128,MARIPOSA,2008,detector based,0,366,0,0,0,0
129,MARIPOSA,2008,hpms based,307324123.20833325,366,648211.3254134491,1194736.5519829602,261042216572941.53,839683.3967440799
130,MARIPOSA,2009,detector based,0,365,0,0,0,0
131,MARIPOSA,2009,hpms based,197863925.875,365,88843.48210129296,814989.6000589448,109621964074545.22,542092.9476027397
132,MENDOCINO,2007,detector based,0,365,0,0,0,0
133,MENDOCINO,2007,hpms based,3390721307.166669,365,6436210.800940265,18978396.905750807,31919155383007010,9289647.416894984
134,MENDOCINO,2008,detector based,0,366,0,0,0,0
135,MENDOCINO,2008,hpms based,3563218453.0833325,366,6953247.475776753,19691670.309293833,35105137892545050,9735569.543943532
136,MENDOCINO,2009,detector based,0,365,0,0,0,0
137,MENDOCINO,2009,hpms based,3351270017.500001,365,119866.49725909381,11406383.43450775,31128526083865344,9181561.691780824
138,MERCED,2007,detector based,6820976594.320001,365,12979836.169999996,29470571.060000006,130294375664545800,18687607.10772603
139,MERCED,2007,hpms based,6187825690.256388,365,10532851.261025414,24903193.866697095,106852588059130530,16952947.096592844
140,MERCED,2008,detector based,5954659201.47,366,12292527.679999998,27623234.610000003,98477193383663250,16269560.6597541
141,MERCED,2008,hpms based,6593989089.595411,366,13537967.849846426,24333673.396893144,119774928383135200,18016363.63277435
142,MERCED,2009,detector based,4481966721.66,365,2481098.0399999996,23175995.829999994,58819955525694700,12279360.881260274
143,MERCED,2009,hpms based,6053027871.928308,365,4461523.104086567,22482348.21081041,101362208647747490,16583638.005283033
144,MODOC,2007,detector based,0,365,0,0,0,0
145,MODOC,2007,hpms based,120789894.62500013,365,209834.77765102388,447891.0079396474,40681534030761.45,330931.2181506853
146,MODOC,2008,detector based,0,366,0,0,0,0
147,MODOC,2008,hpms based,139953811.3749999,366,212563.5463303154,528713.6466470776,54657510242550.445,382387.4627732238
148,MODOC,2009,detector based,0,365,0,0,0,0
149,MODOC,2009,hpms based,51091096.29166666,365,438.7615273644065,530437.6779228017,17449603442377.463,139975.6062785388
150,MONO,2007,detector based,0,365,0,0,0,0
151,MONO,2007,hpms based,392534585.0000005,365,690404.1845186495,1445602.6118005677,426421837016521.7,1075437.2191780836
152,MONO,2008,detector based,0,366,0,0,0,0
153,MONO,2008,hpms based,359272274.58333355,366,711092.2629967465,1360159.6479729614,358147056168294.9,981618.2365664851
154,MONO,2009,detector based,0,365,0,0,0,0
155,MONO,2009,hpms based,345738672.1249997,365,226102.5367843657,1662728.9503874816,340157622156282.2,947229.2386986293
156,MONTEREY,2007,detector based,21133613996.41,365,0,104665860,1283317269141931800,57900312.318931505
157,MONTEREY,2007,hpms based,13756023863.208324,365,27901012.74292676,48816203.317558974,521770236138073340,37687736.611529656
158,MONTEREY,2008,detector based,20758469633.99,366,38584358.65000001,107466835.41999999,1214684337004380200,56717130.147513665
159,MONTEREY,2008,hpms based,13901434669.541658,366,28519521.350904096,68501204.61395359,532119167561011650,37982061.93863841
160,MONTEREY,2009,detector based,8141376847.279999,365,8757.67,88886866.78,455609611195036860,22305142.04734246
161,MONTEREY,2009,hpms based,13291941981.750006,365,22701315.494917788,45233833.069917105,486780945167800900,36416279.40205481
162,NAPA,2007,detector based,319592530.45000005,365,599478.2399999999,1012240.6299999998,281127120278097.44,875595.9738356166
163,NAPA,2007,hpms based,4219672597.8333316,365,5750005.7107639,15045166.909260705,49544644234297940,11560746.84337899
164,NAPA,2008,detector based,51181021.89,366,68450.94,710031.0199999999,7890182780208.656,139838.85762295083
165,NAPA,2008,hpms based,4251627470.6435976,366,9032828.963558333,14461671.829515371,49711611520410420,11616468.499026222
166,NAPA,2009,detector based,57634877.239999995,365,108471.91999999998,329508.65,9713425917590.51,157903.77326027397
167,NAPA,2009,hpms based,4142738157.653917,365,7565580.2384020295,22375460.765769728,49114472286861464,11349967.55521621
168,NEVADA,2007,detector based,708603939.97,365,189562.19999999998,4529457.56,2114630697846414.8,1941380.6574520548
169,NEVADA,2007,hpms based,2169232320.1250105,365,2105674.0260610296,9228015.348566143,14079461467888990,5943102.246917837
170,NEVADA,2008,detector based,258184957.99,366,144208.84000000003,1692065.9500000002,228466532783402.78,705423.3824863388
171,NEVADA,2008,hpms based,2570396326.916667,366,4419338.261858151,9569535.175725628,18318063772379324,7022940.78392532
172,NEVADA,2009,detector based,368749345.96000004,365,51154.93000000001,1620812.9200000002,389941023636816.2,1010272.1807123289
173,NEVADA,2009,hpms based,2446564544.8481493,365,924527.8396987907,8678978.990331,16552205977691096,6702916.561227806
174,ORANGE,2007,detector based,13569554156.09,365,20999758.25,86237512.30000003,619575999848338200,37176860.701616436
175,ORANGE,2007,hpms based,155310456204.3974,365,280878489.8865767,930003510.1686269,68309869318787730000,425508099.1901299
176,ORANGE,2008,detector based,11171473249.780003,366,21707494.73,76190217.69,353995168830790200,30523150.955683067
177,ORANGE,2008,hpms based,164292473249.4923,366,305610192.47294515,1383700102.1842425,78888217466047700000,448886538.93303907
178,ORANGE,2009,detector based,10807989510.890001,365,14210806.63,33735131.04,322798102689581800,29610930.166821923
179,ORANGE,2009,hpms based,151445777199.7972,365,163858947.44651538,582048989.233064,63554627537157570000,414919937.533691
180,PLACER,2007,detector based,14911042939.4,365,9243040.489999998,81689466.54,792753782787533300,40852172.436712325
181,PLACER,2007,hpms based,10786417061.288328,365,13207610.110827874,48426239.17569455,344126743008811460,29551827.565173503
182,PLACER,2008,detector based,4842955791.63,366,7500362.46,19616524.71,65779549843454460,13232119.649262296
183,PLACER,2008,hpms based,11589672940.515587,366,20875937.01037313,45567475.481204554,372746449362330300,31665773.061518
184,PLACER,2009,detector based,3827423826.160001,365,3177359.74,15706376.460000006,41218420717910480,10486092.674410962
185,PLACER,2009,hpms based,10522006583.573477,365,6949830.545949509,38675081.6563627,306941814247824300,28827415.29746158
186,PLUMAS,2007,detector based,0,365,0,0,0,0
187,PLUMAS,2007,hpms based,456481489.29166645,365,811733.8589662729,1673491.6857692106,577407908613317,1250634.2172374423
188,PLUMAS,2008,detector based,0,366,0,0,0,0
189,PLUMAS,2008,hpms based,632833081.9583329,366,1056369.524323923,2407608.1548309987,1111383950931797.5,1729052.1364981774
190,PLUMAS,2009,detector based,0,365,0,0,0,0
191,PLUMAS,2009,hpms based,459291460.2500002,365,808887.3756648258,2017279.4850902383,584948371719524.9,1258332.7678082197
192,RIVERSIDE,2007,detector based,116006070085.71002,365,241395681.59,396070711.68999994,37055728059406010000,317824849.54989046
193,RIVERSIDE,2007,hpms based,57253533245.82309,365,120526031.46132939,239773253.52021813,9047768148724521000,156858995.19403586
194,RIVERSIDE,2008,detector based,108368500358.70999,366,234091190.95999995,358842695.14,32260646604070064000,296088798.7942896
195,RIVERSIDE,2008,hpms based,62799717245.738205,366,137500195.07913697,223566186.1305581,10833777536480800000,171583926.90092406
196,RIVERSIDE,2009,detector based,66690748197.33,365,6378760.3,501368510.06000006,25240115886911197000,182714378.62282193
197,RIVERSIDE,2009,hpms based,55720118129.03854,365,79817706.45539877,236735666.57256848,8738048512168922000,152657857.88777682
198,SACRAMENTO,2007,detector based,30464518428.199997,365,47807619.12000001,113337899.7,2621009821461296600,83464434.04986301
199,SACRAMENTO,2007,hpms based,48508815627.713135,365,85963824.39833379,164866694.1306221,6527860775324729000,132900864.73346065
200,SACRAMENTO,2008,detector based,26270942547.149998,366,39703507.32000001,91057248.34999998,1928835628756352500,71778531.54959016
201,SACRAMENTO,2008,hpms based,48664161873.26671,366,93823752.62588766,160100415.22300494,6548613824290009000,132962190.91056478
202,SACRAMENTO,2009,detector based,12989842096.100002,365,5533056.07,84054842.05000001,729851292922614000,35588608.48246576
203,SACRAMENTO,2009,hpms based,48134231920.01881,365,48779315.395482816,173176222.63163492,6480576927070268000,131874608.00005153
204,SAN BENITO,2007,detector based,3070048580.16,365,0,11255724.420000002,26941635013067720,8411092.000438355
205,SAN BENITO,2007,hpms based,1933673294.2500021,365,3803347.5144226616,7137993.593202084,10364362672977842,5297735.052739732
206,SAN BENITO,2008,detector based,107548310.57999998,366,140564.73,526602.87,33590250677116.047,293847.84311475407
207,SAN BENITO,2008,hpms based,1966021322.2916648,366,4173066.55951463,11607625.895500807,10718977614383472,5371642.957081052
208,SAN BENITO,2009,detector based,246482258.15999997,365,70486.47,901816.3200000001,169085806545673.16,675293.8579726026
209,SAN BENITO,2009,hpms based,1872907096.625003,365,2987588.875453152,6498028.756717031,9680457030938972,5131252.319520556
210,SAN BERNARDINO,2007,detector based,19809105834.469997,365,38890414.980000004,72542072.32,1084014955684672000,54271522.83416437
211,SAN BERNARDINO,2007,hpms based,57322580862.92031,365,111741226.49514641,199529100.59327134,9060474920544680000,157048166.7477269
212,SAN BERNARDINO,2008,detector based,20028244986.48,366,39430998.54,77971523.75999999,1105473210447073200,54721980.83737705
213,SAN BERNARDINO,2008,hpms based,55865205938.85478,366,118394451.39346255,208171975.37836012,8590896314573809000,152637174.69632453
214,SAN BERNARDINO,2009,detector based,33196209373.02,365,18092501.33,205474971.42,3791432323195678000,90948518.83019178
215,SAN BERNARDINO,2009,hpms based,55132623066.77384,365,65033282.76484071,206036010.89706343,8435930027854064000,151048282.37472287
216,SAN DIEGO,2007,detector based,38168433422.17,365,55770452.239999995,144249363.79999998,4066873305408828400,104571050.47169863
217,SAN DIEGO,2007,hpms based,61038540393.34947,365,112749324.92085741,192228239.2040499,10303049522184300000,167228877.78999856
218,SAN DIEGO,2008,detector based,35590325961.6,366,64194095.99000001,130697131.40000002,3495550826526029000,97241327.76393442
219,SAN DIEGO,2008,hpms based,64285016479.51958,366,122068207.39573936,206361128.6951088,11402469577737148000,175642121.52874202
220,SAN DIEGO,2009,detector based,26642813922.210003,365,19586264.909999996,130526333.05000001,2148665085288407300,72994010.74578083
221,SAN DIEGO,2009,hpms based,63093693083.896614,365,75791676.89239877,211084961.64707425,11050265291654046000,172859433.10656607
222,SAN FRANCISCO,2007,detector based,923251948.1400002,365,797955.34,6678559.06,2545120844927762,2529457.392164384
223,SAN FRANCISCO,2007,hpms based,25936617362.042145,365,19375788.18477953,168264024.2545776,1964341544964985600,71059225.64943053
224,SAN FRANCISCO,2008,detector based,1202401661.3999996,366,1978287.1100000003,3883668.369999999,4001036397451846,3285250.4409836056
225,SAN FRANCISCO,2008,hpms based,27337212164.058697,366,53299309.77556277,87069166.65513872,2056771417884194000,74691836.51382157
226,SAN FRANCISCO,2009,detector based,1038456322.41,365,840504.42,4400876.65,3046393996502091.5,2845085.8148219176
227,SAN FRANCISCO,2009,hpms based,27971995354.54059,365,30003356.55740296,105751058.31495187,2178007747819232300,76635603.7110701
228,SAN JOAQUIN,2007,detector based,53348364464.53,365,49910708.379999995,189875270.91,7884917996357846000,146159902.64254794
229,SAN JOAQUIN,2007,hpms based,22863119343.630653,365,34342962.66285862,83290482.39665455,1463330509210768400,62638683.133234665
230,SAN JOAQUIN,2008,detector based,17509551004.829998,366,34362737.87,62555880.16999999,846767226385664600,47840303.29188524
231,SAN JOAQUIN,2008,hpms based,22768303510.100716,366,40412324.26546499,81497046.83928645,1441246626622499800,62208479.5357943
232,SAN JOAQUIN,2009,detector based,15107848109.710003,365,6058894.26,104276878.91000003,939765772661138700,41391364.684136994
233,SAN JOAQUIN,2009,hpms based,21854603635.77497,365,24983822.486774746,87144245.62515384,1339809068421378600,59875626.399383485
234,SAN LUIS OBISPO,2007,detector based,39143727493.91999,365,63021959.699999996,142825377.9,4251000711873585700,107243089.02443834
235,SAN LUIS OBISPO,2007,hpms based,9456446067.423052,365,15266330.463425817,34496909.71882182,248101149101415650,25908071.417597402
236,SAN LUIS OBISPO,2008,detector based,37491440910.9,366,59580509.300000004,133314319.10000001,3891095362103074300,102435630.90409836
237,SAN LUIS OBISPO,2008,hpms based,9492529194.041656,366,15096096.833422678,33725879.93187942,249438142139535360,25935872.114867914
238,SAN LUIS OBISPO,2009,detector based,15120331975.54,365,0,138644128.20000002,1540771819070569500,41425567.056273974
239,SAN LUIS OBISPO,2009,hpms based,8606310183.441078,365,9423538.899723,57492300.41501796,291387368585362700,23578932.00942761
240,SAN MATEO,2007,detector based,7707486883.97,365,6576772.1,26705224.209999997,166640354939254050,21116402.421835616
241,SAN MATEO,2007,hpms based,23969144619.61971,365,18860041.689678468,95184945.3061978,1612869069865080600,65668889.36882112
242,SAN MATEO,2008,detector based,21545941368.409996,366,21577781.91,335892762.19,1867583049250207700,58868692.26341529
243,SAN MATEO,2008,hpms based,23410640701.22481,366,43832675.31162921,101088642.53941086,1521938425333614600,63963499.18367435
244,SAN MATEO,2009,detector based,7631695217.7300005,365,4259981.9399999995,31266141.300000004,163571297215028060,20908754.021178085
245,SAN MATEO,2009,hpms based,23495678791.288475,365,20029297.705974508,76567952.12766695,1533516227753031700,64371722.71585883
246,SANTA BARBARA,2007,detector based,17952622366.2,365,24764645.100000005,60986127.4,896278796670272400,49185266.75671233
247,SANTA BARBARA,2007,hpms based,14671881736.125025,365,22825219.360956483,66416569.39873701,596543261806514200,40196936.26335623
248,SANTA BARBARA,2008,detector based,48305799886.8,366,67070409.99999999,154638105.1,6454151948087478000,131983059.80000001
249,SANTA BARBARA,2008,hpms based,14560952029.333347,366,22943017.93083559,48082183.624233045,585098281112785300,39784021.938069254
250,SANTA BARBARA,2009,detector based,48012158667.84999,365,13353494.850000001,153638908.1,6399852714417892000,131540160.7338356
251,SANTA BARBARA,2009,hpms based,14780964423.036861,365,16333915.970993266,58374860.82528342,613421567926552800,40495792.93982702
252,SANTA CLARA,2007,detector based,21386662509.61,365,17743678.27,77823722.07000001,1279872356235369500,58593595.916739725
253,SANTA CLARA,2007,hpms based,1410809282.060802,365,1026335.8654474926,62983298.09626831,37728723939586056,3865230.909755622
254,SANTA CLARA,2008,detector based,9247003738.09,366,16077051.339999998,30364685.810000006,235918615791402140,25265037.53576503
255,SANTA CLARA,2008,hpms based,56133360446.46905,366,105491588.66502029,178368191.36264986,8728811821887856000,153369837.28543454
256,SANTA CLARA,2009,detector based,9341787054.329998,365,8192083.91,30665443.129999995,241751211355202180,25593937.13515068
257,SANTA CLARA,2009,hpms based,53222367400.84255,365,61319236.92416678,173763418.54827023,7884184161170176000,145814705.2077878
258,SANTA CRUZ,2007,detector based,4752171547.04,365,3168141.630000001,16957473.64,63437912444789490,13019648.074082192
259,SANTA CRUZ,2007,hpms based,13013121471.414476,365,24626461.80321381,44867535.45021211,468141332556921600,35652387.59291638
260,SANTA CRUZ,2008,detector based,1578077031.3300002,366,2280255.8299999996,5577662.089999999,6881701786943556,4311685.87795082
261,SANTA CRUZ,2008,hpms based,12953161229.306862,366,24388920.033666924,46720040.846250154,460730344640780800,35391150.899745524
262,SANTA CRUZ,2009,detector based,1628009799.7,365,693399.9500000001,7086506.26,7412207974518841,4460300.82109589
263,SANTA CRUZ,2009,hpms based,12915528243.636074,365,15356859.767438965,46284151.75496195,460494585384389250,35385008.88667417
264,SHASTA,2007,detector based,9867315405.76,365,15535800,44037000,278024177704744600,27033740.83769863
265,SHASTA,2007,hpms based,8712412779.041653,365,14303295.561753256,36981989.040101506,215002515239688900,23869624.052168913
266,SHASTA,2008,detector based,16898001854.42,366,16576567.59,79521120,810135245194349600,46169403.973825134
267,SHASTA,2008,hpms based,9185943758.374937,366,9940377.923471676,41443559.920343325,238244312426881400,25098206.990095455
268,SHASTA,2009,detector based,6159647332.25,365,0,70090200,260050171711531170,16875746.115753423
269,SHASTA,2009,hpms based,7046736353.967235,365,370869.03361068584,41352382.245498605,146424975240685020,19306126.997170504
270,SIERRA,2007,detector based,11588721.8,365,0,75125.62000000001,604160254879.5408,31749.92273972603
271,SIERRA,2007,hpms based,132339245.8333335,365,112087.99526457778,644335.1836212365,55566555665697.19,362573.27625570825
272,SIERRA,2008,detector based,0,366,0,0,0,0
273,SIERRA,2008,hpms based,177919060.79166672,366,155332.16579121817,871697.446624308,90935657238451.25,486117.65243624785
274,SIERRA,2009,detector based,0,365,0,0,0,0
275,SIERRA,2009,hpms based,136035615.62499997,365,201533.25269613878,559544.3896798759,51843891875209.96,372700.3167808218
276,SISKIYOU,2007,detector based,23541752056.3,365,31349700,105109920,1587508683017190700,64497950.83917808
277,SISKIYOU,2007,hpms based,1325147937.75,365,2419280.0628525605,5652768.125791861,4876699920330970,3630542.2952054795
278,SISKIYOU,2008,detector based,23188916095.969997,366,20320740,122937620.28999999,1547868455605288000,63357694.251284145
279,SISKIYOU,2008,hpms based,1564879079.916667,366,2709028.945577482,6340403.84392517,6775897891931701,4275625.901411658
280,SISKIYOU,2009,detector based,8090686959.960001,365,0,89035740,452936650393999100,22166265.64372603
281,SISKIYOU,2009,hpms based,962230668.4328135,365,1404.4845379070377,4340002.523176031,2720749480029269.5,2636248.4066652427
282,SOLANO,2007,detector based,22840664431.110004,365,18352768.979999997,145652055.99,1810911642959434000,62577162.82495891
283,SOLANO,2007,hpms based,14119613542.587334,365,22856617.663167503,98101566.30403706,605156377172689900,38683872.719417356
284,SOLANO,2008,detector based,8776501404.22,366,18034378.91,28975063.919999998,212264972916891400,23979512.033387978
285,SOLANO,2008,hpms based,14192624232.674335,366,28780662.34985465,48755728.11393986,555600166521140740,38777661.83790802
286,SOLANO,2009,detector based,3992780323.32,365,2750846.5700000003,22031569.8,56689701293738610,10939124.173479453
287,SOLANO,2009,hpms based,14252188759.175064,365,9990450.446830746,72751577.60708228,640597970345668500,39047092.490890585
288,SONOMA,2007,detector based,1660954829.3200002,365,0,5578245.29,7801373932417567,4550561.176219178
289,SONOMA,2007,hpms based,21679405791.45835,365,20898901.881660376,73156802.4261803,1315447807333931000,59395632.30536535
290,SONOMA,2008,detector based,1967042153.95,366,0,6094231.71,10687856156536940,5374432.1146174865
291,SONOMA,2008,hpms based,21881222311.000004,366,41008924.435092546,67649501.47898765,1317385169625879000,59784760.412568316
292,SONOMA,2009,detector based,1173252832.65,365,0,4323918.840000001,3905340553921508,3214391.3223287673
293,SONOMA,2009,hpms based,21511852363.708313,365,29328404.132204175,74759131.74575771,1286327507865174500,58936581.81837894
294,STANISLAUS,2007,detector based,11882117661.880003,365,17172298.16,43189388.31999999,391632278612367940,32553747.018849324
295,STANISLAUS,2007,hpms based,16067262154.165913,365,27125425.58219858,59154227.08735982,715703796120004100,44019896.31278332
296,STANISLAUS,2008,detector based,15114112996.610003,366,29455534.090000004,51758456.82,630062644997472900,41295390.70112023
297,STANISLAUS,2008,hpms based,16293160817.35519,366,32633868.960082043,54829409.173090026,732006310948131500,44516832.8343038
298,STANISLAUS,2009,detector based,14158964257.199999,365,8496692.59,51486241.11000001,555514582988415700,38791682.89643835
299,STANISLAUS,2009,hpms based,16581502021.842762,365,8885749.100633936,57227819.38247866,761215926029207900,45428772.66258291
300,SUTTER,2007,detector based,8634653083.92,365,0,31122360,210322108074539140,23656583.791561645
301,SUTTER,2007,hpms based,2897648557.5833354,365,5064490.317990016,12478328.675585067,23477933741565990,7938763.171461193
302,SUTTER,2008,detector based,6713051469.880001,366,1323329.6099999996,28213380,149563096097250300,18341670.682732243
303,SUTTER,2008,hpms based,3144939488.6223125,366,5857417.166388534,11121814.48777279,27374940953196680,8592730.843230363
304,SUTTER,2009,detector based,921538939.93,365,956730.0600000002,25153669.56,4536005512769502,2524764.218986301
305,SUTTER,2009,hpms based,3170182280.304639,365,6022133.555117368,12698077.835712759,28002346918358510,8685430.904944217
306,TEHAMA,2007,detector based,0,365,0,0,0,0
307,TEHAMA,2007,hpms based,2138263868.0833342,365,3571188.712654406,7959249.748153133,12696636043889630,5858257.172831053
308,TEHAMA,2008,detector based,0,366,0,0,0,0
309,TEHAMA,2008,hpms based,2125798528.4166563,366,3417736.8109795847,8314440.181281411,12514862708808878,5808192.700591957
310,TEHAMA,2009,detector based,0,365,0,0,0,0
311,TEHAMA,2009,hpms based,2107087674.5416656,365,987188.7999194963,9722081.994006272,12611839316575986,5772842.943949768
312,TRINITY,2007,detector based,0,365,0,0,0,0
313,TRINITY,2007,hpms based,184630596.0416666,365,353557.973440901,1032644.9219866976,94626131352387.75,505837.24942922354
314,TRINITY,2008,detector based,0,366,0,0,0,0
315,TRINITY,2008,hpms based,207970827.20833334,366,412083.43081016786,1151964.475686364,119596489611476.81,568226.3038479054
316,TRINITY,2009,detector based,0,364,0,0,0,0
317,TRINITY,2009,hpms based,186464628.33333325,364,345100.72454728483,640371.4660605938,96366122347608.3,512265.46245421225
318,TULARE,2007,detector based,13557826164.36,365,20165760,44721360,512719547984922300,37144729.21742466
319,TULARE,2007,hpms based,13653535473.083338,365,25212770.67292578,52140174.96010272,517733462009961000,37406946.50159819
320,TULARE,2008,detector based,13238840792.839998,366,19170000,46289520,489396241705151400,36171696.15530054
321,TULARE,2008,hpms based,14476266772.458332,366,25758707.89018277,48428687.688660584,580984004001721200,39552641.45480419
322,TULARE,2009,detector based,5652510571.5199995,365,0,45506160,216982042253097820,15486330.332931506
323,TULARE,2009,hpms based,12088838893.979443,365,5352759.430204353,77557496.91710612,468085578783120450,33120106.55884779
324,TUOLUMNE,2007,detector based,2552558367.4900002,365,3866702.2500000005,10664651.690000003,18624176851091344,6993310.595863014
325,TUOLUMNE,2007,hpms based,2081378365.1095552,365,3894525.5366223077,7535507.433681881,12063700575450386,5702406.479752206
326,TUOLUMNE,2008,detector based,2013609723.0099998,366,3256688.6999999993,9028955.430000002,11536171441160238,5501665.909863387
327,TUOLUMNE,2008,hpms based,2461470203.871877,366,4569180.885104221,11989753.915128928,17402520199254666,6725328.425879446
328,TUOLUMNE,2009,detector based,1462858348.89,365,279741.96,10678422.67,7884955432049981,4007831.092849315
329,TUOLUMNE,2009,hpms based,2043367092.0682182,365,884965.0732146264,9091973.307628915,11851055794323920,5598266.005666351
330,VENTURA,2007,detector based,10570695112.56,365,19016378.860000003,140708520,321122787378463700,28960808.527561642
331,VENTURA,2007,hpms based,23147683945.8203,365,41879594.67661672,940452896.6477631,2250774938467887000,63418312.18032959
332,VENTURA,2008,detector based,9056257643.019999,366,16581927.2,31146034.82,226051198454222700,24743873.341584694
333,VENTURA,2008,hpms based,23822735233.121647,366,46354176.60839917,81501303.7297105,1563656593352245500,65089440.527654774
334,VENTURA,2009,detector based,9480332170.869999,365,3853038.71,38116457.04,250158755080774100,25973512.796904106
335,VENTURA,2009,hpms based,23326357742.586056,365,22708537.921190813,92410296.03785609,1512685866095196700,63907829.431742616
336,YOLO,2007,detector based,4081242120.8600006,365,6065377.739999999,44825970.3,64557221186736450,11181485.262630139
337,YOLO,2007,hpms based,4148117522.9947686,365,6718469.4521088535,29464728.171324447,52496676389465820,11364705.54245142
338,YOLO,2008,detector based,3126651287.3600006,366,5563327.11,10900073.78,27223071822611596,8542763.080218581
339,YOLO,2008,hpms based,4596871506.14947,366,7695579.338770664,15870423.493652109,59114197492003940,12559758.213523144
340,YOLO,2009,detector based,2150434061.5499997,365,1928332.05,8269358.649999999,13315129548103998,5891600.168630136
341,YOLO,2009,hpms based,4399213498.516069,365,2835187.7891230523,16256131.89811127,54555067662341300,12052639.721961834
342,YUBA,2007,detector based,0,365,0,0,0,0
343,YUBA,2007,hpms based,2041416699.958334,365,3965607.181588534,7136591.092994724,11568328129794070,5592922.465639271
344,YUBA,2008,detector based,66034403.39,366,0,906365.8,49513764390151.27,180421.86718579236
345,YUBA,2008,hpms based,1886902533.958335,366,3411449.5759471916,6744541.65294116,9852618216575404,5155471.4042577455
346,YUBA,2009,detector based,298943398.4,365,85628.79999999999,1060591.8,248983464476777.03,819023.0093150685
347,YUBA,2009,hpms based,1990190958.583332,365,3722049.2681242335,8940566.802922038,11004740365838512,5452577.968721458